<application>
  <component name="ProjectJdkTable">
    <jdk version="2">
      <name value="11" />
      <type value="JavaSDK" />
      <version value="java version &quot;11.0.5&quot;" />
      <homePath value="$APPLICATION_HOME_DIR$/jbr" />
      <roots>
        <annotationsPath>
          <root type="composite">
            <root url="jar://$APPLICATION_HOME_DIR$/plugins/java/lib/jdkAnnotations.jar!/" type="simple" />
          </root>
        </annotationsPath>
        <classPath>
          <root type="composite">
            <root url="jrt:///media/sf_mv05/linuxapp/idea-IC-193.6015.39/jbr!/java.base" type="simple" />
            <root url="jrt:///media/sf_mv05/linuxapp/idea-IC-193.6015.39/jbr!/java.compiler" type="simple" />
            <root url="jrt:///media/sf_mv05/linuxapp/idea-IC-193.6015.39/jbr!/java.datatransfer" type="simple" />
            <root url="jrt:///media/sf_mv05/linuxapp/idea-IC-193.6015.39/jbr!/java.desktop" type="simple" />
            <root url="jrt:///media/sf_mv05/linuxapp/idea-IC-193.6015.39/jbr!/java.instrument" type="simple" />
            <root url="jrt:///media/sf_mv05/linuxapp/idea-IC-193.6015.39/jbr!/java.logging" type="simple" />
            <root url="jrt:///media/sf_mv05/linuxapp/idea-IC-193.6015.39/jbr!/java.management" type="simple" />
            <root url="jrt:///media/sf_mv05/linuxapp/idea-IC-193.6015.39/jbr!/java.management.rmi" type="simple" />
            <root url="jrt:///media/sf_mv05/linuxapp/idea-IC-193.6015.39/jbr!/java.naming" type="simple" />
            <root url="jrt:///media/sf_mv05/linuxapp/idea-IC-193.6015.39/jbr!/java.net.http" type="simple" />
            <root url="jrt:///media/sf_mv05/linuxapp/idea-IC-193.6015.39/jbr!/java.prefs" type="simple" />
            <root url="jrt:///media/sf_mv05/linuxapp/idea-IC-193.6015.39/jbr!/java.rmi" type="simple" />
            <root url="jrt:///media/sf_mv05/linuxapp/idea-IC-193.6015.39/jbr!/java.scripting" type="simple" />
            <root url="jrt:///media/sf_mv05/linuxapp/idea-IC-193.6015.39/jbr!/java.se" type="simple" />
            <root url="jrt:///media/sf_mv05/linuxapp/idea-IC-193.6015.39/jbr!/java.security.jgss" type="simple" />
            <root url="jrt:///media/sf_mv05/linuxapp/idea-IC-193.6015.39/jbr!/java.security.sasl" type="simple" />
            <root url="jrt:///media/sf_mv05/linuxapp/idea-IC-193.6015.39/jbr!/java.smartcardio" type="simple" />
            <root url="jrt:///media/sf_mv05/linuxapp/idea-IC-193.6015.39/jbr!/java.sql" type="simple" />
            <root url="jrt:///media/sf_mv05/linuxapp/idea-IC-193.6015.39/jbr!/java.sql.rowset" type="simple" />
            <root url="jrt:///media/sf_mv05/linuxapp/idea-IC-193.6015.39/jbr!/java.transaction.xa" type="simple" />
            <root url="jrt:///media/sf_mv05/linuxapp/idea-IC-193.6015.39/jbr!/java.xml" type="simple" />
            <root url="jrt:///media/sf_mv05/linuxapp/idea-IC-193.6015.39/jbr!/java.xml.crypto" type="simple" />
            <root url="jrt:///media/sf_mv05/linuxapp/idea-IC-193.6015.39/jbr!/javafx.base" type="simple" />
            <root url="jrt:///media/sf_mv05/linuxapp/idea-IC-193.6015.39/jbr!/javafx.controls" type="simple" />
            <root url="jrt:///media/sf_mv05/linuxapp/idea-IC-193.6015.39/jbr!/javafx.fxml" type="simple" />
            <root url="jrt:///media/sf_mv05/linuxapp/idea-IC-193.6015.39/jbr!/javafx.graphics" type="simple" />
            <root url="jrt:///media/sf_mv05/linuxapp/idea-IC-193.6015.39/jbr!/javafx.media" type="simple" />
            <root url="jrt:///media/sf_mv05/linuxapp/idea-IC-193.6015.39/jbr!/javafx.swing" type="simple" />
            <root url="jrt:///media/sf_mv05/linuxapp/idea-IC-193.6015.39/jbr!/javafx.web" type="simple" />
            <root url="jrt:///media/sf_mv05/linuxapp/idea-IC-193.6015.39/jbr!/jdk.accessibility" type="simple" />
            <root url="jrt:///media/sf_mv05/linuxapp/idea-IC-193.6015.39/jbr!/jdk.aot" type="simple" />
            <root url="jrt:///media/sf_mv05/linuxapp/idea-IC-193.6015.39/jbr!/jdk.attach" type="simple" />
            <root url="jrt:///media/sf_mv05/linuxapp/idea-IC-193.6015.39/jbr!/jdk.charsets" type="simple" />
            <root url="jrt:///media/sf_mv05/linuxapp/idea-IC-193.6015.39/jbr!/jdk.compiler" type="simple" />
            <root url="jrt:///media/sf_mv05/linuxapp/idea-IC-193.6015.39/jbr!/jdk.crypto.cryptoki" type="simple" />
            <root url="jrt:///media/sf_mv05/linuxapp/idea-IC-193.6015.39/jbr!/jdk.crypto.ec" type="simple" />
            <root url="jrt:///media/sf_mv05/linuxapp/idea-IC-193.6015.39/jbr!/jdk.dynalink" type="simple" />
            <root url="jrt:///media/sf_mv05/linuxapp/idea-IC-193.6015.39/jbr!/jdk.hotspot.agent" type="simple" />
            <root url="jrt:///media/sf_mv05/linuxapp/idea-IC-193.6015.39/jbr!/jdk.httpserver" type="simple" />
            <root url="jrt:///media/sf_mv05/linuxapp/idea-IC-193.6015.39/jbr!/jdk.internal.ed" type="simple" />
            <root url="jrt:///media/sf_mv05/linuxapp/idea-IC-193.6015.39/jbr!/jdk.internal.jvmstat" type="simple" />
            <root url="jrt:///media/sf_mv05/linuxapp/idea-IC-193.6015.39/jbr!/jdk.internal.le" type="simple" />
            <root url="jrt:///media/sf_mv05/linuxapp/idea-IC-193.6015.39/jbr!/jdk.internal.vm.ci" type="simple" />
            <root url="jrt:///media/sf_mv05/linuxapp/idea-IC-193.6015.39/jbr!/jdk.internal.vm.compiler" type="simple" />
            <root url="jrt:///media/sf_mv05/linuxapp/idea-IC-193.6015.39/jbr!/jdk.internal.vm.compiler.management" type="simple" />
            <root url="jrt:///media/sf_mv05/linuxapp/idea-IC-193.6015.39/jbr!/jdk.jdi" type="simple" />
            <root url="jrt:///media/sf_mv05/linuxapp/idea-IC-193.6015.39/jbr!/jdk.jdwp.agent" type="simple" />
            <root url="jrt:///media/sf_mv05/linuxapp/idea-IC-193.6015.39/jbr!/jdk.jfr" type="simple" />
            <root url="jrt:///media/sf_mv05/linuxapp/idea-IC-193.6015.39/jbr!/jdk.jsobject" type="simple" />
            <root url="jrt:///media/sf_mv05/linuxapp/idea-IC-193.6015.39/jbr!/jdk.localedata" type="simple" />
            <root url="jrt:///media/sf_mv05/linuxapp/idea-IC-193.6015.39/jbr!/jdk.management" type="simple" />
            <root url="jrt:///media/sf_mv05/linuxapp/idea-IC-193.6015.39/jbr!/jdk.management.agent" type="simple" />
            <root url="jrt:///media/sf_mv05/linuxapp/idea-IC-193.6015.39/jbr!/jdk.management.jfr" type="simple" />
            <root url="jrt:///media/sf_mv05/linuxapp/idea-IC-193.6015.39/jbr!/jdk.naming.dns" type="simple" />
            <root url="jrt:///media/sf_mv05/linuxapp/idea-IC-193.6015.39/jbr!/jdk.naming.rmi" type="simple" />
            <root url="jrt:///media/sf_mv05/linuxapp/idea-IC-193.6015.39/jbr!/jdk.net" type="simple" />
            <root url="jrt:///media/sf_mv05/linuxapp/idea-IC-193.6015.39/jbr!/jdk.pack" type="simple" />
            <root url="jrt:///media/sf_mv05/linuxapp/idea-IC-193.6015.39/jbr!/jdk.scripting.nashorn" type="simple" />
            <root url="jrt:///media/sf_mv05/linuxapp/idea-IC-193.6015.39/jbr!/jdk.scripting.nashorn.shell" type="simple" />
            <root url="jrt:///media/sf_mv05/linuxapp/idea-IC-193.6015.39/jbr!/jdk.sctp" type="simple" />
            <root url="jrt:///media/sf_mv05/linuxapp/idea-IC-193.6015.39/jbr!/jdk.security.auth" type="simple" />
            <root url="jrt:///media/sf_mv05/linuxapp/idea-IC-193.6015.39/jbr!/jdk.security.jgss" type="simple" />
            <root url="jrt:///media/sf_mv05/linuxapp/idea-IC-193.6015.39/jbr!/jdk.unsupported" type="simple" />
            <root url="jrt:///media/sf_mv05/linuxapp/idea-IC-193.6015.39/jbr!/jdk.xml.dom" type="simple" />
            <root url="jrt:///media/sf_mv05/linuxapp/idea-IC-193.6015.39/jbr!/jdk.zipfs" type="simple" />
          </root>
        </classPath>
        <javadocPath>
          <root type="composite" />
        </javadocPath>
        <sourcePath>
          <root type="composite" />
        </sourcePath>
      </roots>
      <additional />
    </jdk>
    <jdk version="2">
      <name value="1.8" />
      <type value="JavaSDK" />
      <version value="java version &quot;1.8.0_241&quot;" />
      <homePath value="$USER_HOME$/jdk1.8.0_241" />
      <roots>
        <annotationsPath>
          <root type="composite">
            <root url="jar://$APPLICATION_HOME_DIR$/plugins/java/lib/jdkAnnotations.jar!/" type="simple" />
          </root>
        </annotationsPath>
        <classPath>
          <root type="composite">
            <root url="jar://$USER_HOME$/jdk1.8.0_241/jre/lib/charsets.jar!/" type="simple" />
            <root url="jar://$USER_HOME$/jdk1.8.0_241/jre/lib/deploy.jar!/" type="simple" />
            <root url="jar://$USER_HOME$/jdk1.8.0_241/jre/lib/ext/cldrdata.jar!/" type="simple" />
            <root url="jar://$USER_HOME$/jdk1.8.0_241/jre/lib/ext/dnsns.jar!/" type="simple" />
            <root url="jar://$USER_HOME$/jdk1.8.0_241/jre/lib/ext/jaccess.jar!/" type="simple" />
            <root url="jar://$USER_HOME$/jdk1.8.0_241/jre/lib/ext/jfxrt.jar!/" type="simple" />
            <root url="jar://$USER_HOME$/jdk1.8.0_241/jre/lib/ext/localedata.jar!/" type="simple" />
            <root url="jar://$USER_HOME$/jdk1.8.0_241/jre/lib/ext/nashorn.jar!/" type="simple" />
            <root url="jar://$USER_HOME$/jdk1.8.0_241/jre/lib/ext/sunec.jar!/" type="simple" />
            <root url="jar://$USER_HOME$/jdk1.8.0_241/jre/lib/ext/sunjce_provider.jar!/" type="simple" />
            <root url="jar://$USER_HOME$/jdk1.8.0_241/jre/lib/ext/sunpkcs11.jar!/" type="simple" />
            <root url="jar://$USER_HOME$/jdk1.8.0_241/jre/lib/ext/zipfs.jar!/" type="simple" />
            <root url="jar://$USER_HOME$/jdk1.8.0_241/jre/lib/javaws.jar!/" type="simple" />
            <root url="jar://$USER_HOME$/jdk1.8.0_241/jre/lib/jce.jar!/" type="simple" />
            <root url="jar://$USER_HOME$/jdk1.8.0_241/jre/lib/jfr.jar!/" type="simple" />
            <root url="jar://$USER_HOME$/jdk1.8.0_241/jre/lib/jfxswt.jar!/" type="simple" />
            <root url="jar://$USER_HOME$/jdk1.8.0_241/jre/lib/jsse.jar!/" type="simple" />
            <root url="jar://$USER_HOME$/jdk1.8.0_241/jre/lib/management-agent.jar!/" type="simple" />
            <root url="jar://$USER_HOME$/jdk1.8.0_241/jre/lib/plugin.jar!/" type="simple" />
            <root url="jar://$USER_HOME$/jdk1.8.0_241/jre/lib/resources.jar!/" type="simple" />
            <root url="jar://$USER_HOME$/jdk1.8.0_241/jre/lib/rt.jar!/" type="simple" />
          </root>
        </classPath>
        <javadocPath>
          <root type="composite" />
        </javadocPath>
        <sourcePath>
          <root type="composite">
            <root url="jar://$USER_HOME$/jdk1.8.0_241/src.zip!/" type="simple" />
            <root url="jar://$USER_HOME$/jdk1.8.0_241/javafx-src.zip!/" type="simple" />
          </root>
        </sourcePath>
      </roots>
      <additional />
    </jdk>
    <jdk version="2">
      <name value="Python 3.6" />
      <type value="Python SDK" />
      <version value="Python 3.6.8" />
      <homePath value="/usr/bin/python3.6" />
      <roots>
        <annotationsPath>
          <root type="composite" />
        </annotationsPath>
        <classPath>
          <root type="composite">
            <root url="file:///usr/lib64/python3.6" type="simple" />
            <root url="file:///usr/lib64/python3.6/lib-dynload" type="simple" />
            <root url="file:///usr/local/lib64/python3.6/site-packages" type="simple" />
            <root url="file:///usr/local/lib/python3.6/site-packages" type="simple" />
            <root url="file:///usr/lib64/python3.6/site-packages" type="simple" />
            <root url="file:///usr/lib/python3.6/site-packages" type="simple" />
            <root url="file://$USER_HOME$/.cache/JetBrains/IdeaIC2021.2/python_stubs/-1247971763" type="simple" />
            <root url="file://$APPLICATION_PLUGINS_DIR$/python-ce/helpers/python-skeletons" type="simple" />
            <root url="file://$APPLICATION_PLUGINS_DIR$/python-ce/helpers/typeshed/stdlib" type="simple" />
            <root url="file://$APPLICATION_PLUGINS_DIR$/python-ce/helpers/typeshed/stubs/jwt" type="simple" />
            <root url="file://$APPLICATION_PLUGINS_DIR$/python-ce/helpers/typeshed/stubs/six" type="simple" />
            <root url="file://$APPLICATION_PLUGINS_DIR$/python-ce/helpers/typeshed/stubs/mock" type="simple" />
            <root url="file://$APPLICATION_PLUGINS_DIR$/python-ce/helpers/typeshed/stubs/nmap" type="simple" />
            <root url="file://$APPLICATION_PLUGINS_DIR$/python-ce/helpers/typeshed/stubs/annoy" type="simple" />
            <root url="file://$APPLICATION_PLUGINS_DIR$/python-ce/helpers/typeshed/stubs/attrs" type="simple" />
            <root url="file://$APPLICATION_PLUGINS_DIR$/python-ce/helpers/typeshed/stubs/polib" type="simple" />
            <root url="file://$APPLICATION_PLUGINS_DIR$/python-ce/helpers/typeshed/stubs/retry" type="simple" />
            <root url="file://$APPLICATION_PLUGINS_DIR$/python-ce/helpers/typeshed/stubs/docopt" type="simple" />
            <root url="file://$APPLICATION_PLUGINS_DIR$/python-ce/helpers/typeshed/stubs/enum34" type="simple" />
            <root url="file://$APPLICATION_PLUGINS_DIR$/python-ce/helpers/typeshed/stubs/orjson" type="simple" />
            <root url="file://$APPLICATION_PLUGINS_DIR$/python-ce/helpers/typeshed/stubs/pysftp" type="simple" />
            <root url="file://$APPLICATION_PLUGINS_DIR$/python-ce/helpers/typeshed/stubs/xxhash" type="simple" />
            <root url="file://$APPLICATION_PLUGINS_DIR$/python-ce/helpers/typeshed/stubs/chardet" type="simple" />
            <root url="file://$APPLICATION_PLUGINS_DIR$/python-ce/helpers/typeshed/stubs/futures" type="simple" />
            <root url="file://$APPLICATION_PLUGINS_DIR$/python-ce/helpers/typeshed/stubs/pyaudio" type="simple" />
            <root url="file://$APPLICATION_PLUGINS_DIR$/python-ce/helpers/typeshed/stubs/tzlocal" type="simple" />
            <root url="file://$APPLICATION_PLUGINS_DIR$/python-ce/helpers/typeshed/stubs/Markdown" type="simple" />
            <root url="file://$APPLICATION_PLUGINS_DIR$/python-ce/helpers/typeshed/stubs/Werkzeug" type="simple" />
            <root url="file://$APPLICATION_PLUGINS_DIR$/python-ce/helpers/typeshed/stubs/aiofiles" type="simple" />
            <root url="file://$APPLICATION_PLUGINS_DIR$/python-ce/helpers/typeshed/stubs/colorama" type="simple" />
            <root url="file://$APPLICATION_PLUGINS_DIR$/python-ce/helpers/typeshed/stubs/filelock" type="simple" />
            <root url="file://$APPLICATION_PLUGINS_DIR$/python-ce/helpers/typeshed/stubs/paramiko" type="simple" />
            <root url="file://$APPLICATION_PLUGINS_DIR$/python-ce/helpers/typeshed/stubs/pathlib2" type="simple" />
            <root url="file://$APPLICATION_PLUGINS_DIR$/python-ce/helpers/typeshed/stubs/requests" type="simple" />
            <root url="file://$APPLICATION_PLUGINS_DIR$/python-ce/helpers/typeshed/stubs/waitress" type="simple" />
            <root url="file://$APPLICATION_PLUGINS_DIR$/python-ce/helpers/typeshed/stubs/freezegun" type="simple" />
            <root url="file://$APPLICATION_PLUGINS_DIR$/python-ce/helpers/typeshed/stubs/ipaddress" type="simple" />
            <root url="file://$APPLICATION_PLUGINS_DIR$/python-ce/helpers/typeshed/stubs/pyRFC3339" type="simple" />
            <root url="file://$APPLICATION_PLUGINS_DIR$/python-ce/helpers/typeshed/stubs/typed-ast" type="simple" />
            <root url="file://$APPLICATION_PLUGINS_DIR$/python-ce/helpers/typeshed/stubs/Deprecated" type="simple" />
            <root url="file://$APPLICATION_PLUGINS_DIR$/python-ce/helpers/typeshed/stubs/cachetools" type="simple" />
            <root url="file://$APPLICATION_PLUGINS_DIR$/python-ce/helpers/typeshed/stubs/frozendict" type="simple" />
            <root url="file://$APPLICATION_PLUGINS_DIR$/python-ce/helpers/typeshed/stubs/pyfarmhash" type="simple" />
            <root url="file://$APPLICATION_PLUGINS_DIR$/python-ce/helpers/typeshed/stubs/JACK-Client" type="simple" />
            <root url="file://$APPLICATION_PLUGINS_DIR$/python-ce/helpers/typeshed/stubs/contextvars" type="simple" />
            <root url="file://$APPLICATION_PLUGINS_DIR$/python-ce/helpers/typeshed/stubs/atomicwrites" type="simple" />
            <root url="file://$APPLICATION_PLUGINS_DIR$/python-ce/helpers/typeshed/stubs/cryptography" type="simple" />
            <root url="file://$APPLICATION_PLUGINS_DIR$/python-ce/helpers/typeshed/stubs/DateTimeRange" type="simple" />
            <root url="file://$APPLICATION_PLUGINS_DIR$/python-ce/helpers/typeshed/stubs/click-spinner" type="simple" />
            <root url="file://$APPLICATION_PLUGINS_DIR$/python-ce/helpers/typeshed/stubs/pkg_resources" type="simple" />
            <root url="file://$APPLICATION_PLUGINS_DIR$/python-ce/helpers/typeshed/stubs/python-gflags" type="simple" />
            <root url="file://$APPLICATION_PLUGINS_DIR$/python-ce/helpers/typeshed/stubs/python-slugify" type="simple" />
            <root url="file://$APPLICATION_PLUGINS_DIR$/python-ce/helpers/typeshed/stubs/python-dateutil" type="simple" />
          </root>
        </classPath>
        <javadocPath>
          <root type="composite" />
        </javadocPath>
        <sourcePath>
          <root type="composite" />
        </sourcePath>
      </roots>
      <additional />
    </jdk>
  </component>
</application>