<application>
  <component name="ProjectManager">
    <defaultProject>
      <component name="PropertiesComponent">
        <property name="last_opened_file_path" value="$USER_HOME$/IdeaProjects" />
      </component>
      <component name="SbtLocalSettings">
        <option name="projectSyncType">
          <map>
            <entry key="$USER_HOME$/IdeaProjects/bdcoe-audit-log-utility" value="PREVIEW" />
            <entry key="/media/sf_mv05/IdeaProjects/scalaSBT" value="PREVIEW" />
            <entry key="/media/sf_mv05/linux/IdeaLinuxProjects/bdcoe-slam" value="PREVIEW" />
          </map>
        </option>
      </component>
      <component name="ScalaSbtSettings">
        <option name="customVMPath" />
      </component>
    </defaultProject>
  </component>
</application>