<application>
  <component name="UpdatesConfigurable">
    <ignoredBuildNumbers>
      <item value="193.6494.35" />
      <item value="202.6397.94" />
      <item value="202.6948.69" />
      <item value="203.5981.155" />
      <item value="211.7142.45" />
    </ignoredBuildNumbers>
    <option name="LAST_BUILD_CHECKED" value="IC-212.4746.92" />
    <option name="LAST_TIME_CHECKED" value="1629158076006" />
    <option name="THIRD_PARTY_PLUGINS_ALLOWED" value="true" />
  </component>
</application>