<coordinator-app name="${ENV_NAME}_CoordApp-USIM-CPRB" frequency="${frequency_cprb}" start="${startDate}" end="${endDate}" timezone="${timezone}" xmlns="uri:oozie:coordinator:0.4" xmlns:sla="uri:oozie:sla:0.2">
 <datasets>
       <dataset name="cprb_borrower_risk_rating" frequency="${coord:days(1)}" initial-instance="${startDate}" timezone="${timezone}">
         <uri-template>${ingestionPath}/cprb/valid/borrower_risk_rating/${YEAR}${MONTH}${DAY}</uri-template>
         <done-flag>_SUCCESS</done-flag>
      </dataset>
      <dataset name="cprb_bus_rel" frequency="${coord:days(1)}" initial-instance="${startDate}" timezone="${timezone}">
         <uri-template>${ingestionPath}/cprb/valid/bus_rel/${YEAR}${MONTH}${DAY}</uri-template>
         <done-flag>_SUCCESS</done-flag>
      </dataset>
      <dataset name="cprb_bus_rel_ent" frequency="${coord:days(1)}" initial-instance="${startDate}" timezone="${timezone}">
         <uri-template>${ingestionPath}/cprb/valid/bus_rel_ent/${YEAR}${MONTH}${DAY}</uri-template>
         <done-flag>_SUCCESS</done-flag>
      </dataset>
      <dataset name="cprb_economic_entity" frequency="${coord:days(1)}" initial-instance="${startDate}" timezone="${timezone}">
         <uri-template>${ingestionPath}/cprb/valid/economic_entity/${YEAR}${MONTH}${DAY}</uri-template>
         <done-flag>_SUCCESS</done-flag>
      </dataset>
      <dataset name="cprb_facility_risk_rating" frequency="${coord:days(1)}" initial-instance="${startDate}" timezone="${timezone}">
         <uri-template>${ingestionPath}/cprb/valid/facility_risk_rating/${YEAR}${MONTH}${DAY}</uri-template>
         <done-flag>_SUCCESS</done-flag>
      </dataset>
      <dataset name="cprb_high_volatility_cre" frequency="${coord:days(1)}" initial-instance="${startDate}" timezone="${timezone}">
         <uri-template>${ingestionPath}/cprb/valid/high_volatility_cre/${YEAR}${MONTH}${DAY}</uri-template>
         <done-flag>_SUCCESS</done-flag>
      </dataset>
      <dataset name="cprb_req_bus" frequency="${coord:days(1)}" initial-instance="${startDate}" timezone="${timezone}">
         <uri-template>${ingestionPath}/cprb/valid/req_bus/${YEAR}${MONTH}${DAY}</uri-template>
         <done-flag>_SUCCESS</done-flag>
      </dataset>
      <dataset name="cprb_req_bus_bur_human_readable" frequency="${coord:days(1)}" initial-instance="${startDate}" timezone="${timezone}">
         <uri-template>${ingestionPath}/cprb/valid/req_bus_bur_human_readable/${YEAR}${MONTH}${DAY}</uri-template>
         <done-flag>_SUCCESS</done-flag>
      </dataset>
      <dataset name="cprb_req_coll" frequency="${coord:days(1)}" initial-instance="${startDate}" timezone="${timezone}">
         <uri-template>${ingestionPath}/cprb/valid/req_coll/${YEAR}${MONTH}${DAY}</uri-template>
         <done-flag>_SUCCESS</done-flag>
      </dataset>
      <dataset name="cprb_req_coll_location_addr" frequency="${coord:days(1)}" initial-instance="${startDate}" timezone="${timezone}">
         <uri-template>${ingestionPath}/cprb/valid/req_coll_location_addr/${YEAR}${MONTH}${DAY}</uri-template>
         <done-flag>_SUCCESS</done-flag>
      </dataset>
      <dataset name="cprb_req_coll_re" frequency="${coord:days(1)}" initial-instance="${startDate}" timezone="${timezone}">
         <uri-template>${ingestionPath}/cprb/valid/req_coll_re/${YEAR}${MONTH}${DAY}</uri-template>
         <done-flag>_SUCCESS</done-flag>
      </dataset>
      <dataset name="cprb_req_cont" frequency="${coord:days(1)}" initial-instance="${startDate}" timezone="${timezone}">
         <uri-template>${ingestionPath}/cprb/valid/req_cont/${YEAR}${MONTH}${DAY}</uri-template>
         <done-flag>_SUCCESS</done-flag>
      </dataset>
      <dataset name="cprb_req_cont_addr" frequency="${coord:days(1)}" initial-instance="${startDate}" timezone="${timezone}">
         <uri-template>${ingestionPath}/cprb/valid/req_cont_addr/${YEAR}${MONTH}${DAY}</uri-template>
         <done-flag>_SUCCESS</done-flag>
      </dataset>
      <dataset name="cprb_req_cont_bur_human_readable" frequency="${coord:days(1)}" initial-instance="${startDate}" timezone="${timezone}">
         <uri-template>${ingestionPath}/cprb/valid/req_cont_bur_human_readable/${YEAR}${MONTH}${DAY}</uri-template>
         <done-flag>_SUCCESS</done-flag>
      </dataset>
      <dataset name="cprb_req_rel_appa_aggexp" frequency="${coord:days(1)}" initial-instance="${startDate}" timezone="${timezone}">
         <uri-template>${ingestionPath}/cprb/valid/req_rel_appa_aggexp/${YEAR}${MONTH}${DAY}</uri-template>
         <done-flag>_SUCCESS</done-flag>
      </dataset>
      <dataset name="cprb_req_req" frequency="${coord:days(1)}" initial-instance="${startDate}" timezone="${timezone}">
         <uri-template>${ingestionPath}/cprb/valid/req_req/${YEAR}${MONTH}${DAY}</uri-template>
         <done-flag>_SUCCESS</done-flag>
      </dataset>
      <dataset name="cprb_req_req_coll" frequency="${coord:days(1)}" initial-instance="${startDate}" timezone="${timezone}">
         <uri-template>${ingestionPath}/cprb/valid/req_req_coll/${YEAR}${MONTH}${DAY}</uri-template>
         <done-flag>_SUCCESS</done-flag>
      </dataset>
      <dataset name="cprb_req_req_ent" frequency="${coord:days(1)}" initial-instance="${startDate}" timezone="${timezone}">
         <uri-template>${ingestionPath}/cprb/valid/req_req_ent/${YEAR}${MONTH}${DAY}</uri-template>
         <done-flag>_SUCCESS</done-flag>
      </dataset>
      <dataset name="cprb_req_req_hmda" frequency="${coord:days(1)}" initial-instance="${startDate}" timezone="${timezone}">
         <uri-template>${ingestionPath}/cprb/valid/req_req_hmda/${YEAR}${MONTH}${DAY}</uri-template>
         <done-flag>_SUCCESS</done-flag>
      </dataset>
      <dataset name="cprb_req_req_post_boarding" frequency="${coord:days(1)}" initial-instance="${startDate}" timezone="${timezone}">
         <uri-template>${ingestionPath}/cprb/valid/req_req_post_boarding/${YEAR}${MONTH}${DAY}</uri-template>
         <done-flag>_SUCCESS</done-flag>
      </dataset>
      <dataset name="cprb_req_req_swap_trade_id" frequency="${coord:days(1)}" initial-instance="${startDate}" timezone="${timezone}">
         <uri-template>${ingestionPath}/cprb/valid/req_req_swap_trade_id/${YEAR}${MONTH}${DAY}</uri-template>
         <done-flag>_SUCCESS</done-flag>
      </dataset>
      <dataset name="cprb_req_sign_grid" frequency="${coord:days(1)}" initial-instance="${startDate}" timezone="${timezone}">
         <uri-template>${ingestionPath}/cprb/valid/req_sign_grid/${YEAR}${MONTH}${DAY}</uri-template>
         <done-flag>_SUCCESS</done-flag>
      </dataset>
      <dataset name="cprb_req_tran_conn_ex7_name" frequency="${coord:days(1)}" initial-instance="${startDate}" timezone="${timezone}">
         <uri-template>${ingestionPath}/cprb/valid/req_tran_conn_ex7_name/${YEAR}${MONTH}${DAY}</uri-template>
         <done-flag>_SUCCESS</done-flag>
      </dataset>
      <dataset name="cprb_req_req_rate" frequency="${coord:days(1)}" initial-instance="${startDate}" timezone="${timezone}">
         <uri-template>${ingestionPath}/cprb/valid/req_req_rate/${YEAR}${MONTH}${DAY}</uri-template>
         <done-flag>_SUCCESS</done-flag>
      </dataset>
      <dataset name="cprb_req_req_payment" frequency="${coord:days(1)}" initial-instance="${startDate}" timezone="${timezone}">
         <uri-template>${ingestionPath}/cprb/valid/req_req_payment/${YEAR}${MONTH}${DAY}</uri-template>
         <done-flag>_SUCCESS</done-flag>
      </dataset>
      <dataset name="cprb_req_req_disbursement" frequency="${coord:days(1)}" initial-instance="${startDate}" timezone="${timezone}">
         <uri-template>${ingestionPath}/cprb/valid/req_req_disbursement/${YEAR}${MONTH}${DAY}</uri-template>
         <done-flag>_SUCCESS</done-flag>
      </dataset>
      <dataset name="cprb_req_req_summary" frequency="${coord:days(1)}" initial-instance="${startDate}" timezone="${timezone}">
         <uri-template>${ingestionPath}/cprb/valid/req_req_summary/${YEAR}${MONTH}${DAY}</uri-template>
         <done-flag>_SUCCESS</done-flag>
      </dataset>
       <dataset name="cprb_req_coll_cash" frequency="${coord:days(1)}" initial-instance="${startDate}" timezone="${timezone}">
         <uri-template>${ingestionPath}/cprb/valid/req_coll_cash/${YEAR}${MONTH}${DAY}</uri-template>
         <done-flag>_SUCCESS</done-flag>
      </dataset>
      <dataset name="cprb_req_coll_aircraft" frequency="${coord:days(1)}" initial-instance="${startDate}" timezone="${timezone}">
         <uri-template>${ingestionPath}/cprb/valid/req_coll_aircraft/${YEAR}${MONTH}${DAY}</uri-template>
         <done-flag>_SUCCESS</done-flag>
      </dataset>
      <dataset name="cprb_req_coll_boat" frequency="${coord:days(1)}" initial-instance="${startDate}" timezone="${timezone}">
         <uri-template>${ingestionPath}/cprb/valid/req_coll_boat/${YEAR}${MONTH}${DAY}</uri-template>
         <done-flag>_SUCCESS</done-flag>
      </dataset>
      <dataset name="cprb_req_coll_bonds" frequency="${coord:days(1)}" initial-instance="${startDate}" timezone="${timezone}">
         <uri-template>${ingestionPath}/cprb/valid/req_coll_bonds/${YEAR}${MONTH}${DAY}</uri-template>
         <done-flag>_SUCCESS</done-flag>
      </dataset>
      <dataset name="cprb_req_coll_letter_of_credit" frequency="${coord:days(1)}" initial-instance="${startDate}" timezone="${timezone}">
         <uri-template>${ingestionPath}/cprb/valid/req_coll_letter_of_credit/${YEAR}${MONTH}${DAY}</uri-template>
         <done-flag>_SUCCESS</done-flag>
      </dataset>
      <dataset name="cprb_req_coll_lifeins" frequency="${coord:days(1)}" initial-instance="${startDate}" timezone="${timezone}">
         <uri-template>${ingestionPath}/cprb/valid/req_coll_lifeins/${YEAR}${MONTH}${DAY}</uri-template>
         <done-flag>_SUCCESS</done-flag>
      </dataset>
 </datasets>
 <input-events>
     <data-in name="cprb_borrower_risk_rating" dataset="cprb_borrower_risk_rating">
        <instance>${coord:current(-1)}</instance>
    </data-in>
    <data-in name="cprb_bus_rel" dataset="cprb_bus_rel">
        <instance>${coord:current(-1)}</instance>
    </data-in>
    <data-in name="cprb_bus_rel_ent" dataset="cprb_bus_rel_ent">
        <instance>${coord:current(-1)}</instance>
    </data-in>
    <data-in name="cprb_economic_entity" dataset="cprb_economic_entity">
        <instance>${coord:current(-1)}</instance>
    </data-in>
    <data-in name="cprb_facility_risk_rating" dataset="cprb_facility_risk_rating">
        <instance>${coord:current(-1)}</instance>
    </data-in>
    <data-in name="cprb_high_volatility_cre" dataset="cprb_high_volatility_cre">
        <instance>${coord:current(-1)}</instance>
    </data-in>
    <data-in name="cprb_req_bus" dataset="cprb_req_bus">
        <instance>${coord:current(-1)}</instance>
    </data-in>
    <data-in name="cprb_req_bus_bur_human_readable" dataset="cprb_req_bus_bur_human_readable">
        <instance>${coord:current(-1)}</instance>
    </data-in>
    <data-in name="cprb_req_coll" dataset="cprb_req_coll">
        <instance>${coord:current(-1)}</instance>
    </data-in>
    <data-in name="cprb_req_coll_location_addr" dataset="cprb_req_coll_location_addr">
        <instance>${coord:current(-1)}</instance>
    </data-in>
    <data-in name="cprb_req_coll_re" dataset="cprb_req_coll_re">
        <instance>${coord:current(-1)}</instance>
    </data-in>
    <data-in name="cprb_req_cont" dataset="cprb_req_cont">
        <instance>${coord:current(-1)}</instance>
    </data-in>
    <data-in name="cprb_req_cont_addr" dataset="cprb_req_cont_addr">
        <instance>${coord:current(-1)}</instance>
    </data-in>
    <data-in name="cprb_req_cont_bur_human_readable" dataset="cprb_req_cont_bur_human_readable">
        <instance>${coord:current(-1)}</instance>
    </data-in>
    <data-in name="cprb_req_rel_appa_aggexp" dataset="cprb_req_rel_appa_aggexp">
        <instance>${coord:current(-1)}</instance>
    </data-in>
    <data-in name="cprb_req_req" dataset="cprb_req_req">
        <instance>${coord:current(-1)}</instance>
    </data-in>
    <data-in name="cprb_req_req_coll" dataset="cprb_req_req_coll">
        <instance>${coord:current(-1)}</instance>
    </data-in>
    <data-in name="cprb_req_req_ent" dataset="cprb_req_req_ent">
        <instance>${coord:current(-1)}</instance>
    </data-in>
    <data-in name="cprb_req_req_hmda" dataset="cprb_req_req_hmda">
        <instance>${coord:current(-1)}</instance>
    </data-in>
    <data-in name="cprb_req_req_post_boarding" dataset="cprb_req_req_post_boarding">
        <instance>${coord:current(-1)}</instance>
    </data-in>
    <data-in name="cprb_req_req_swap_trade_id" dataset="cprb_req_req_swap_trade_id">
        <instance>${coord:current(-1)}</instance>
    </data-in>
    <data-in name="cprb_req_sign_grid" dataset="cprb_req_sign_grid">
        <instance>${coord:current(-1)}</instance>
    </data-in>
    <data-in name="cprb_req_tran_conn_ex7_name" dataset="cprb_req_tran_conn_ex7_name">
        <instance>${coord:current(-1)}</instance>
    </data-in>
    <data-in name="cprb_req_req_rate" dataset="cprb_req_req_rate">
        <instance>${coord:current(-1)}</instance>
    </data-in>
    <data-in name="cprb_req_req_payment" dataset="cprb_req_req_payment">
        <instance>${coord:current(-1)}</instance>
    </data-in>
    <data-in name="cprb_req_req_disbursement" dataset="cprb_req_req_disbursement">
        <instance>${coord:current(-1)}</instance>
    </data-in>
    <data-in name="cprb_req_req_summary" dataset="cprb_req_req_summary">
        <instance>${coord:current(-1)}</instance>
    </data-in>
    <data-in name="cprb_req_coll_cash" dataset="cprb_req_coll_cash">
        <instance>${coord:current(-1)}</instance>
    </data-in>
    <data-in name="cprb_req_coll_aircraft" dataset="cprb_req_coll_aircraft">
        <instance>${coord:current(-1)}</instance>
    </data-in>
    <data-in name="cprb_req_coll_boat" dataset="cprb_req_coll_boat">
        <instance>${coord:current(-1)}</instance>
    </data-in>
    <data-in name="cprb_req_coll_bonds" dataset="cprb_req_coll_bonds">
        <instance>${coord:current(-1)}</instance>
    </data-in>
    <data-in name="cprb_req_coll_letter_of_credit" dataset="cprb_req_coll_letter_of_credit">
        <instance>${coord:current(-1)}</instance>
    </data-in>
    <data-in name="cprb_req_coll_lifeins" dataset="cprb_req_coll_lifeins">
        <instance>${coord:current(-1)}</instance>
    </data-in>
  </input-events>
 <action>
    <workflow>
       <app-path>${envRoot}/common/oozie/workflow.xml</app-path>
        <configuration>
                <property>
                        <name>PAR_DATE_EXPORT</name>
                        <value>${coord:formatTime(coord:dateOffset(coord:nominalTime(), -1, 'DAY'), 'yyyyMMdd')}</value>
                </property>
         </configuration>
    </workflow>
 </action>
</coordinator-app>
