<workflow-app name="${ENV_NAME}_WorkflowApp-DF-CPRB" xmlns="uri:oozie:workflow:0.4">
 <credentials>
    <credential name="hcat" type="hcat">
      <property>
        <name>hcat.metastore.uri</name>
        <value>${hcatUri}</value>
      </property>
      <property>
        <name>hcat.metastore.principal</name>
        <value>${hcatPrinciple}</value>
      </property>
    </credential>
  </credentials>
	<start to="fork_extraction"/>
	<fork name="fork_extraction">
		<path start="export_BORROWER_RISK_RATING"/>
		<path start="export_BUS_REL"/> 
		<path start="export_BUS_REL_ENT"/>
		<path start="export_ECONOMIC_ENTITY"/> 
		<path start="export_FACILITY_RISK_RATING"/> 
		<path start="export_HIGH_VOLATILITY_CRE"/>
		<path start="export_REQ_BUS"/>
		<path start="export_REQ_BUS_BUR_HUMAN_READABLE"/>
		<path start="export_REQ_COLL"/> 
		<path start="export_REQ_COLL_LOCATION_ADDR"/>
		<path start="export_REQ_COLL_RE"/>
		<path start="export_REQ_CONT"/> 
		<path start="export_REQ_CONT_ADDR"/> 
		<path start="export_REQ_CONT_BUR_HUMAN_READABLE"/> 
		<path start="export_REQ_REL_APPA_AGGEXP"/> 
		<path start="export_REQ_REQ"/>
		<path start="export_REQ_REQ_COLL"/> 
		<path start="export_REQ_REQ_ENT"/>
		<path start="export_REQ_REQ_HMDA"/> 
		<path start="export_REQ_REQ_POST_BOARDING"/>
		<path start="export_REQ_REQ_SWAP_TRADE_ID"/> 
		<path start="export_REQ_SIGN_GRID"/>
		<path start="export_REQ_TRAN_CONN_EX7_NAME"/> 
        <path start="export_REQ_REQ_RATE"/>
        <path start="export_REQ_REQ_PAYMENT"/>
        <path start="export_REQ_REQ_DISBURSEMENT"/>
        <path start="export_REQ_REQ_SUMMARY"/>
        <path start="export_REQ_COLL_CASH"/>
        <path start="export_REQ_COLL_AIRCRAFT"/>
        <path start="export_REQ_COLL_BOAT"/>
        <path start="export_REQ_COLL_BONDS"/>
        <path start="export_REQ_COLL_LETTER_OF_CREDIT"/>
        <path start="export_REQ_COLL_LIFEINS"/>
		<!---add path items for other tables -->
	</fork>
    <action name="export_BORROWER_RISK_RATING" cred="">
        <sub-workflow>
            <app-path>${tableWorkflowPath}</app-path>
            <propagate-configuration/>
            <configuration>
                <property>
                    <name>SCHEMA</name>
                    <value>PRCL_PSG</value>
                </property>
                <property>
                    <name>TABLE</name>
                    <value>BORROWER_RISK_RATING</value>
                </property>
            </configuration>
        </sub-workflow>
        <ok to="join_fork_extraction"/>
        <error to="kill"/>
     </action>
    <action name="export_BUS_REL" cred="">
        <sub-workflow>
            <app-path>${tableWorkflowPath}</app-path>
            <propagate-configuration/>
            <configuration>
                <property>
                    <name>SCHEMA</name>
                    <value>PRCL_PSG</value>
                </property>
                <property>
                    <name>TABLE</name>
                    <value>BUS_REL</value>
                </property>
            </configuration>
        </sub-workflow>
        <ok to="join_fork_extraction"/>
        <error to="kill"/>
     </action>
    <action name="export_BUS_REL_ENT" cred="">
        <sub-workflow>
            <app-path>${tableWorkflowPath}</app-path>
            <propagate-configuration/>
            <configuration>
                <property>
                    <name>SCHEMA</name>
                    <value>PRCL_PSG</value>
                </property>
                <property>
                    <name>TABLE</name>
                    <value>BUS_REL_ENT</value>
                </property>
            </configuration>
        </sub-workflow>
        <ok to="join_fork_extraction"/>
        <error to="kill"/>
     </action>
    <action name="export_ECONOMIC_ENTITY" cred="">
        <sub-workflow>
            <app-path>${tableWorkflowPath}</app-path>
            <propagate-configuration/>
            <configuration>
                <property>
                    <name>SCHEMA</name>
                    <value>PRCL_PSG</value>
                </property>
                <property>
                    <name>TABLE</name>
                    <value>ECONOMIC_ENTITY</value>
                </property>
            </configuration>
        </sub-workflow>
        <ok to="join_fork_extraction"/>
        <error to="kill"/>
     </action>
    <action name="export_FACILITY_RISK_RATING" cred="">
        <sub-workflow>
            <app-path>${tableWorkflowPath}</app-path>
            <propagate-configuration/>
            <configuration>
                <property>
                    <name>SCHEMA</name>
                    <value>PRCL_PSG</value>
                </property>
                <property>
                    <name>TABLE</name>
                    <value>FACILITY_RISK_RATING</value>
                </property>
            </configuration>
        </sub-workflow>
        <ok to="join_fork_extraction"/>
        <error to="kill"/>
     </action>
    <action name="export_HIGH_VOLATILITY_CRE" cred="">
        <sub-workflow>
            <app-path>${tableWorkflowPath}</app-path>
            <propagate-configuration/>
            <configuration>
                <property>
                    <name>SCHEMA</name>
                    <value>PRCL_PSG</value>
                </property>
                <property>
                    <name>TABLE</name>
                    <value>HIGH_VOLATILITY_CRE</value>
                </property>
            </configuration>
        </sub-workflow>
        <ok to="join_fork_extraction"/>
        <error to="kill"/>
     </action>
    <action name="export_REQ_BUS" cred="">
        <sub-workflow>
            <app-path>${tableWorkflowPath}</app-path>
            <propagate-configuration/>
            <configuration>
                <property>
                    <name>SCHEMA</name>
                    <value>PRCL_PSG</value>
                </property>
                <property>
                    <name>TABLE</name>
                    <value>REQ_BUS</value>
                </property>
            </configuration>
        </sub-workflow>
        <ok to="join_fork_extraction"/>
        <error to="kill"/>
     </action>
    <action name="export_REQ_BUS_BUR_HUMAN_READABLE" cred="">
        <sub-workflow>
            <app-path>${tableWorkflowPath}</app-path>
            <propagate-configuration/>
            <configuration>
                <property>
                    <name>SCHEMA</name>
                    <value>PRCL_PSG</value>
                </property>
                <property>
                    <name>TABLE</name>
                    <value>REQ_BUS_BUR_HUMAN_READABLE</value>
                </property>
            </configuration>
        </sub-workflow>
        <ok to="join_fork_extraction"/>
        <error to="kill"/>
     </action>
    <action name="export_REQ_COLL" cred="">
        <sub-workflow>
            <app-path>${tableWorkflowPath}</app-path>
            <propagate-configuration/>
            <configuration>
                <property>
                    <name>SCHEMA</name>
                    <value>PRCL_PSG</value>
                </property>
                <property>
                    <name>TABLE</name>
                    <value>REQ_COLL</value>
                </property>
            </configuration>
        </sub-workflow>
        <ok to="join_fork_extraction"/>
        <error to="kill"/>
     </action>
    <action name="export_REQ_COLL_LOCATION_ADDR" cred="">
        <sub-workflow>
            <app-path>${tableWorkflowPath}</app-path>
            <propagate-configuration/>
            <configuration>
                <property>
                    <name>SCHEMA</name>
                    <value>PRCL_PSG</value>
                </property>
                <property>
                    <name>TABLE</name>
                    <value>REQ_COLL_LOCATION_ADDR</value>
                </property>
            </configuration>
        </sub-workflow>
        <ok to="join_fork_extraction"/>
        <error to="kill"/>
     </action>
    <action name="export_REQ_COLL_RE" cred="">
        <sub-workflow>
            <app-path>${tableWorkflowPath}</app-path>
            <propagate-configuration/>
            <configuration>
                <property>
                    <name>SCHEMA</name>
                    <value>PRCL_PSG</value>
                </property>
                <property>
                    <name>TABLE</name>
                    <value>REQ_COLL_RE</value>
                </property>
            </configuration>
        </sub-workflow>
        <ok to="join_fork_extraction"/>
        <error to="kill"/>
     </action>
    <action name="export_REQ_CONT" cred="">
        <sub-workflow>
            <app-path>${tableWorkflowPath}</app-path>
            <propagate-configuration/>
            <configuration>
                <property>
                    <name>SCHEMA</name>
                    <value>PRCL_PSG</value>
                </property>
                <property>
                    <name>TABLE</name>
                    <value>REQ_CONT</value>
                </property>
            </configuration>
        </sub-workflow>
        <ok to="join_fork_extraction"/>
        <error to="kill"/>
     </action>
    <action name="export_REQ_CONT_ADDR" cred="">
        <sub-workflow>
            <app-path>${tableWorkflowPath}</app-path>
            <propagate-configuration/>
            <configuration>
                <property>
                    <name>SCHEMA</name>
                    <value>PRCL_PSG</value>
                </property>
                <property>
                    <name>TABLE</name>
                    <value>REQ_CONT_ADDR</value>
                </property>
            </configuration>
        </sub-workflow>
        <ok to="join_fork_extraction"/>
        <error to="kill"/>
     </action>
    <action name="export_REQ_CONT_BUR_HUMAN_READABLE" cred="">
        <sub-workflow>
            <app-path>${tableWorkflowPath}</app-path>
            <propagate-configuration/>
            <configuration>
                <property>
                    <name>SCHEMA</name>
                    <value>PRCL_PSG</value>
                </property>
                <property>
                    <name>TABLE</name>
                    <value>REQ_CONT_BUR_HUMAN_READABLE</value>
                </property>
            </configuration>
        </sub-workflow>
        <ok to="join_fork_extraction"/>
        <error to="kill"/>
     </action>
    <action name="export_REQ_REL_APPA_AGGEXP" cred="">
        <sub-workflow>
            <app-path>${tableWorkflowPath}</app-path>
            <propagate-configuration/>
            <configuration>
                <property>
                    <name>SCHEMA</name>
                    <value>PRCL_PSG</value>
                </property>
                <property>
                    <name>TABLE</name>
                    <value>REQ_REL_APPA_AGGEXP</value>
                </property>
            </configuration>
        </sub-workflow>
        <ok to="join_fork_extraction"/>
        <error to="kill"/>
     </action>
    <action name="export_REQ_REQ" cred="">
        <sub-workflow>
            <app-path>${tableWorkflowPath}</app-path>
            <propagate-configuration/>
            <configuration>
                <property>
                    <name>SCHEMA</name>
                    <value>PRCL_PSG</value>
                </property>
                <property>
                    <name>TABLE</name>
                    <value>REQ_REQ</value>
                </property>
            </configuration>
        </sub-workflow>
        <ok to="join_fork_extraction"/>
        <error to="kill"/>
     </action>
    <action name="export_REQ_REQ_COLL" cred="">
        <sub-workflow>
            <app-path>${tableWorkflowPath}</app-path>
            <propagate-configuration/>
            <configuration>
                <property>
                    <name>SCHEMA</name>
                    <value>PRCL_PSG</value>
                </property>
                <property>
                    <name>TABLE</name>
                    <value>REQ_REQ_COLL</value>
                </property>
            </configuration>
        </sub-workflow>
        <ok to="join_fork_extraction"/>
        <error to="kill"/>
     </action>
    <action name="export_REQ_REQ_ENT" cred="">
        <sub-workflow>
            <app-path>${tableWorkflowPath}</app-path>
            <propagate-configuration/>
            <configuration>
                <property>
                    <name>SCHEMA</name>
                    <value>PRCL_PSG</value>
                </property>
                <property>
                    <name>TABLE</name>
                    <value>REQ_REQ_ENT</value>
                </property>
            </configuration>
        </sub-workflow>
        <ok to="join_fork_extraction"/>
        <error to="kill"/>
     </action>
    <action name="export_REQ_REQ_HMDA" cred="">
        <sub-workflow>
            <app-path>${tableWorkflowPath}</app-path>
            <propagate-configuration/>
            <configuration>
                <property>
                    <name>SCHEMA</name>
                    <value>PRCL_PSG</value>
                </property>
                <property>
                    <name>TABLE</name>
                    <value>REQ_REQ_HMDA</value>
                </property>
            </configuration>
        </sub-workflow>
        <ok to="join_fork_extraction"/>
        <error to="kill"/>
     </action>
    <action name="export_REQ_REQ_POST_BOARDING" cred="">
        <sub-workflow>
            <app-path>${tableWorkflowPath}</app-path>
            <propagate-configuration/>
            <configuration>
                <property>
                    <name>SCHEMA</name>
                    <value>PRCL_PSG</value>
                </property>
                <property>
                    <name>TABLE</name>
                    <value>REQ_REQ_POST_BOARDING</value>
                </property>
            </configuration>
        </sub-workflow>
        <ok to="join_fork_extraction"/>
        <error to="kill"/>
     </action>
    <action name="export_REQ_REQ_SWAP_TRADE_ID" cred="">
        <sub-workflow>
            <app-path>${tableWorkflowPath}</app-path>
            <propagate-configuration/>
            <configuration>
                <property>
                    <name>SCHEMA</name>
                    <value>PRCL_PSG</value>
                </property>
                <property>
                    <name>TABLE</name>
                    <value>REQ_REQ_SWAP_TRADE_ID</value>
                </property>
            </configuration>
        </sub-workflow>
        <ok to="join_fork_extraction"/>
        <error to="kill"/>
     </action>
    <action name="export_REQ_SIGN_GRID" cred="">
        <sub-workflow>
            <app-path>${tableWorkflowPath}</app-path>
            <propagate-configuration/>
            <configuration>
                <property>
                    <name>SCHEMA</name>
                    <value>PRCL_PSG</value>
                </property>
                <property>
                    <name>TABLE</name>
                    <value>REQ_SIGN_GRID</value>
                </property>
            </configuration>
        </sub-workflow>
        <ok to="join_fork_extraction"/>
        <error to="kill"/>
     </action>
    <action name="export_REQ_TRAN_CONN_EX7_NAME" cred="">
        <sub-workflow>
            <app-path>${tableWorkflowPath}</app-path>
            <propagate-configuration/>
            <configuration>
                <property>
                    <name>SCHEMA</name>
                    <value>PRCL_PSG</value>
                </property>
                <property>
                    <name>TABLE</name>
                    <value>REQ_TRAN_CONN_EX7_NAME</value>
                </property>
            </configuration>
        </sub-workflow>
        <ok to="join_fork_extraction"/>
        <error to="kill"/>
     </action>
	 <action name="export_REQ_REQ_RATE" cred="">
			<sub-workflow>
				<app-path>${tableWorkflowPath}</app-path>
				<propagate-configuration/>
				<configuration>
					<property>
						<name>SCHEMA</name>
						<value>PRCL_PSG</value>
					</property>
					<property>
						<name>TABLE</name>
						<value>REQ_REQ_RATE</value>
					</property>
				</configuration>
			</sub-workflow>
			<ok to="join_fork_extraction"/>
			<error to="kill"/>
	 </action>
	 <action name="export_REQ_REQ_PAYMENT" cred="">
			<sub-workflow>
				<app-path>${tableWorkflowPath}</app-path>
				<propagate-configuration/>
				<configuration>
					<property>
						<name>SCHEMA</name>
						<value>PRCL_PSG</value>
					</property>
					<property>
						<name>TABLE</name>
						<value>REQ_REQ_PAYMENT</value>
					</property>
				</configuration>
			</sub-workflow>
			<ok to="join_fork_extraction"/>
			<error to="kill"/>
	 </action>
	 <action name="export_REQ_REQ_DISBURSEMENT" cred="">
			<sub-workflow>
				<app-path>${tableWorkflowPath}</app-path>
				<propagate-configuration/>
				<configuration>
					<property>
						<name>SCHEMA</name>
						<value>PRCL_PSG</value>
					</property>
					<property>
						<name>TABLE</name>
						<value>REQ_REQ_DISBURSEMENT</value>
					</property>
				</configuration>
			</sub-workflow>
			<ok to="join_fork_extraction"/>
			<error to="kill"/>
	 </action>
	 <action name="export_REQ_REQ_SUMMARY" cred="">
			<sub-workflow>
				<app-path>${tableWorkflowPath}</app-path>
				<propagate-configuration/>
				<configuration>
					<property>
						<name>SCHEMA</name>
						<value>PRCL_PSG</value>
					</property>
					<property>
						<name>TABLE</name>
						<value>REQ_REQ_SUMMARY</value>
					</property>
				</configuration>
			</sub-workflow>
			<ok to="join_fork_extraction"/>
			<error to="kill"/>
	 </action>
	 <action name="export_REQ_COLL_CASH" cred="">
			<sub-workflow>
				<app-path>${tableWorkflowPath}</app-path>
				<propagate-configuration/>
				<configuration>
					<property>
						<name>SCHEMA</name>
						<value>PRCL_PSG</value>
					</property>
					<property>
						<name>TABLE</name>
						<value>REQ_COLL_CASH</value>
					</property>
				</configuration>
			</sub-workflow>
			<ok to="join_fork_extraction"/>
			<error to="kill"/>
	 </action>
	 <action name="export_REQ_COLL_AIRCRAFT" cred="">
			<sub-workflow>
				<app-path>${tableWorkflowPath}</app-path>
				<propagate-configuration/>
				<configuration>
					<property>
						<name>SCHEMA</name>
						<value>PRCL_PSG</value>
					</property>
					<property>
						<name>TABLE</name>
						<value>REQ_COLL_AIRCRAFT</value>
					</property>
				</configuration>
			</sub-workflow>
			<ok to="join_fork_extraction"/>
			<error to="kill"/>
	 </action>
	 <action name="export_REQ_COLL_BOAT" cred="">
			<sub-workflow>
				<app-path>${tableWorkflowPath}</app-path>
				<propagate-configuration/>
				<configuration>
					<property>
						<name>SCHEMA</name>
						<value>PRCL_PSG</value>
					</property>
					<property>
						<name>TABLE</name>
						<value>REQ_COLL_BOAT</value>
					</property>
				</configuration>
			</sub-workflow>
			<ok to="join_fork_extraction"/>
			<error to="kill"/>
	 </action>
	 <action name="export_REQ_COLL_BONDS" cred="">
			<sub-workflow>
				<app-path>${tableWorkflowPath}</app-path>
				<propagate-configuration/>
				<configuration>
					<property>
						<name>SCHEMA</name>
						<value>PRCL_PSG</value>
					</property>
					<property>
						<name>TABLE</name>
						<value>REQ_COLL_BONDS</value>
					</property>
				</configuration>
			</sub-workflow>
			<ok to="join_fork_extraction"/>
			<error to="kill"/>
	 </action>
	 <action name="export_REQ_COLL_LETTER_OF_CREDIT" cred="">
			<sub-workflow>
				<app-path>${tableWorkflowPath}</app-path>
				<propagate-configuration/>
				<configuration>
					<property>
						<name>SCHEMA</name>
						<value>PRCL_PSG</value>
					</property>
					<property>
						<name>TABLE</name>
						<value>REQ_COLL_LETTER_OF_CREDIT</value>
					</property>
				</configuration>
			</sub-workflow>
			<ok to="join_fork_extraction"/>
			<error to="kill"/>
	 </action>
	 <action name="export_REQ_COLL_LIFEINS" cred="">
			<sub-workflow>
				<app-path>${tableWorkflowPath}</app-path>
				<propagate-configuration/>
				<configuration>
					<property>
						<name>SCHEMA</name>
						<value>PRCL_PSG</value>
					</property>
					<property>
						<name>TABLE</name>
						<value>REQ_COLL_LIFEINS</value>
					</property>
				</configuration>
			</sub-workflow>
			<ok to="join_fork_extraction"/>
			<error to="kill"/>
	 </action>
	<join name="join_fork_extraction" to="end"/>
    <kill name="kill">
        <message>Action failed, error message[${wf:errorMessage(wf:lastErrorNode())}]</message>
    </kill>
    <end name="end"/>
</workflow-app>

