<application>
  <component name="FileTypeManager" version="18">
    <ignoreFiles list="*$py.class;*.pyc;*.pyo;*.rbc;*.yarb;*~;.DS_Store;.git;.hg;.svn;CVS;__pycache__;_svn;vssver.scc;vssver2.scc" />
    <extensionMap>
      <mapping ext="scala" type="PLAIN_TEXT" />
      <removed_mapping ext="csv" approved="true" type="CSV" />
      <removed_mapping ext="tsv" approved="true" type="TSV" />
      <removed_mapping ext="txt" approved="true" type="PLAIN_TEXT" />
    </extensionMap>
  </component>
</application>