<?xml version="1.0"?>
<assembly xmlns="http://maven.apache.org/plugins/maven-assembly-plugin/assembly/1.1.2" xmlns:xsi="http://www.w3.org/2001/XMLSchema-instance" xsi:schemaLocation="http://maven.apache.org/plugin    s/maven-assembly-plugin/assembly/1.1.2 http://maven.apache.org/xsd/assembly-1.1.2.xsd">
	<id>distribution</id>
	<formats>
		<format>tar</format>
	</formats>
	<includeBaseDirectory>false</includeBaseDirectory>
	<fileSets>
		<fileSet>
			<directory>src/main/resources/hive</directory>
			<includes>
			<include>execution-scripts/**</include>
			<include>**/generated_*All.hql</include>
			</includes>
			<outputDirectory>${project.artifactId}/hive</outputDirectory>
		</fileSet>
		<fileSet>
			<directory>src/main/resources/hive</directory>
			<includes>
			<include>setup-scripts/**</include>
			<include>cleanup-scripts/**</include>
			</includes>
			<excludes>
			<exclude>**/generated_*All.hql</exclude>
			</excludes>
			<outputDirectory>${project.artifactId}/hive/standalone-scripts</outputDirectory>
		</fileSet>
		<fileSet>
			<directory>src/main/resources/hive/setup-scripts</directory>
			<includes>
			<include>generated_*All.hql</include>
			</includes>
			<outputDirectory>${project.artifactId}/hive/setup-scripts</outputDirectory>
		</fileSet>
		<fileSet>
			<directory>src/main/resources/oozie</directory>
			<outputDirectory>${project.artifactId}/oozie</outputDirectory>
		</fileSet>
	</fileSets>
	<files>
	  <file>
		 <source>target/maven-archiver/pom.properties</source>
		 <outputDirectory>${project.artifactId}</outputDirectory>
	  </file>
	</files>
</assembly>

